marker_id,marker_type,distance,horizontal,vertical,eye,sample_index,dx,dy
1,REF,40.0,0.0,0.0,L,0,-38.83952174004009,33.645471813202015
1,REF,40.0,0.0,0.0,R,0,60.56165437687608,23.381236555733572
1,REF,40.0,0.0,0.0,L,1,-39.46637317298033,34.25211990466501
1,REF,40.0,0.0,0.0,R,1,61.73664723812745,23.150882786979597
1,REF,40.0,0.0,0.0,L,2,-38.9036131462648,33.97357137351984
1,REF,40.0,0.0,0.0,R,2,60.529720392464,24.2637599723541
1,REF,40.0,0.0,0.0,L,3,-38.34375536237731,38.23254892437629
1,REF,40.0,0.0,0.0,R,3,57.182765700921706,29.38651945098035
1,REF,40.0,0.0,0.0,L,4,-38.43710097032121,40.3924592889224
1,REF,40.0,0.0,0.0,R,4,57.01273985198978,29.8628660539679
1,REF,40.0,0.0,0.0,L,5,-38.66179449885273,41.38028245039247
1,REF,40.0,0.0,0.0,R,5,55.92511805897282,31.02134175727199
1,REF,40.0,0.0,0.0,L,6,-38.779365495206235,42.91991887389936
1,REF,40.0,0.0,0.0,R,6,55.7803757471563,32.30769272834136
1,REF,40.0,0.0,0.0,L,7,-38.66375523655161,42.9185209622712
1,REF,40.0,0.0,0.0,R,7,55.81521458832363,33.0941596230086
1,REF,40.0,0.0,0.0,L,8,-50.785274096043565,32.227263484858454
1,REF,40.0,0.0,0.0,R,8,55.48183062214238,33.578111188702515
1,REF,40.0,0.0,0.0,L,9,-51.87724905181479,31.430972918135243
1,REF,40.0,0.0,0.0,R,9,54.8679226381779,33.21752487397886
1,REF,40.0,0.0,0.0,L,10,-53.20933175101347,31.693040456811538
1,REF,40.0,0.0,0.0,R,10,55.81912595866363,32.8632862526804
1,REF,40.0,0.0,0.0,L,11,-54.13283670134297,31.379381705542684
1,REF,40.0,0.0,0.0,R,11,55.140515468709296,33.81802435490043
1,REF,40.0,0.0,0.0,L,12,-53.14431903654404,30.80238210441249
1,REF,40.0,0.0,0.0,R,12,55.31808826975989,33.74992862856479
1,REF,40.0,0.0,0.0,L,13,-52.460214689396636,31.66758927901038
1,REF,40.0,0.0,0.0,R,13,54.92867363723538,33.91362884477525
1,REF,40.0,0.0,0.0,L,14,-53.03325141394292,30.529654387874714
1,REF,40.0,0.0,0.0,R,14,54.817550271128376,33.80804308212883
1,REF,40.0,0.0,0.0,L,15,-52.46418885931679,31.256695481478474
1,REF,40.0,0.0,0.0,R,15,54.42881728236954,34.26806129371409
1,REF,40.0,0.0,0.0,L,16,-53.09436330461984,30.973049161823
1,REF,40.0,0.0,0.0,R,16,55.05770120108339,33.78338578566989
1,REF,40.0,0.0,0.0,L,17,-54.34372501895521,30.467184298250995
1,REF,40.0,0.0,0.0,R,17,55.145030154606474,34.19327963586906
1,REF,40.0,0.0,0.0,L,18,-54.285518698516725,30.040884338903123
1,REF,40.0,0.0,0.0,R,18,54.42344096248735,34.008687769489704
1,REF,40.0,0.0,0.0,L,19,-53.016386283865785,31.18600388559779
1,REF,40.0,0.0,0.0,R,19,54.69707198625875,33.82613904513809
1,REF,40.0,0.0,0.0,L,20,-52.761086944269024,30.96126160140146
1,REF,40.0,0.0,0.0,R,20,54.719180085514544,33.65848967606427
1,REF,40.0,0.0,0.0,L,21,-52.320006154694795,31.50681079078683
1,REF,40.0,0.0,0.0,R,21,55.55551285276373,33.65986851744712
1,REF,40.0,0.0,0.0,L,22,-49.224725870031705,45.691709936673824
1,REF,40.0,0.0,0.0,R,22,66.01968204022619,22.155028577241236
1,REF,40.0,0.0,0.0,L,23,-48.33918683052076,49.11279574674815
1,REF,40.0,0.0,0.0,R,23,68.34703658131731,19.394094743387345
1,REF,40.0,0.0,0.0,L,24,-48.32484514336435,48.603120066429014
1,REF,40.0,0.0,0.0,R,24,68.69676160364133,18.85931235609324
2,DIST,8.0,0.0,0.0,L,0,-54.814767277143005,29.67912165131858
2,DIST,8.0,0.0,0.0,R,0,70.20348681166679,18.814920970617074
2,DIST,8.0,0.0,0.0,L,1,-54.066246813363044,30.777110577898448
2,DIST,8.0,0.0,0.0,R,1,69.74419165275225,19.043811211504153
2,DIST,8.0,0.0,0.0,L,2,-53.832950864780614,29.99967164890544
2,DIST,8.0,0.0,0.0,R,2,69.5017429923736,19.21130390614849
2,DIST,8.0,0.0,0.0,L,3,-52.49595425393952,29.923195038429967
2,DIST,8.0,0.0,0.0,R,3,69.70030939679816,17.817187546999776
2,DIST,8.0,0.0,0.0,L,4,-52.95954060469871,30.06115788938266
2,DIST,8.0,0.0,0.0,R,4,68.87132827365619,18.47750352628491
2,DIST,8.0,0.0,0.0,L,5,-53.2644869696448,29.877621788250707
2,DIST,8.0,0.0,0.0,R,5,69.53679237421065,17.72117006510551
2,DIST,8.0,0.0,0.0,L,6,-50.323288703873814,44.87169228038237
2,DIST,8.0,0.0,0.0,R,6,70.01497394669724,17.939603949184466
2,DIST,8.0,0.0,0.0,L,7,-49.642709045244786,46.795412833570595
2,DIST,8.0,0.0,0.0,R,7,70.48459906016565,18.153731424093223
2,DIST,8.0,0.0,0.0,L,8,-49.63461015958984,47.80195226774854
2,DIST,8.0,0.0,0.0,R,8,70.81809329319402,17.663367812212652
2,DIST,8.0,0.0,0.0,L,9,-52.947088790792044,33.164422686961345
2,DIST,8.0,0.0,0.0,R,9,70.36627520900272,18.974927938155933
2,DIST,8.0,0.0,0.0,L,10,-53.737459741784036,30.488952984299214
2,DIST,8.0,0.0,0.0,R,10,71.17650615750537,18.715759433090444
2,DIST,8.0,0.0,0.0,L,11,-53.92363911799952,29.646717868085535
2,DIST,8.0,0.0,0.0,R,11,71.03459997594796,17.967499188867926
2,DIST,8.0,0.0,0.0,L,12,-54.603057958417594,30.18979984752476
2,DIST,8.0,0.0,0.0,R,12,70.85200661685859,18.17846670253512
2,DIST,8.0,0.0,0.0,L,13,-53.76936046519349,30.33898009349063
2,DIST,8.0,0.0,0.0,R,13,71.58165487552871,17.85504842330678
2,DIST,8.0,0.0,0.0,L,14,-53.86297723577416,30.133712073773935
2,DIST,8.0,0.0,0.0,R,14,60.174084957972255,29.308475438361228
2,DIST,8.0,0.0,0.0,L,15,-53.40599234868135,30.387305342818216
2,DIST,8.0,0.0,0.0,R,15,59.33347224647321,32.498615279788574
2,DIST,8.0,0.0,0.0,L,16,-53.46057578490558,30.193494051735506
2,DIST,8.0,0.0,0.0,R,16,59.14375344946919,33.62689538356091
2,DIST,8.0,0.0,0.0,L,17,-53.757518386421594,30.11038936899432
2,DIST,8.0,0.0,0.0,R,17,58.753175519290615,33.9988163190351
2,DIST,8.0,0.0,0.0,L,18,-52.79581671370659,29.365940236680963
2,DIST,8.0,0.0,0.0,R,18,58.89460168566498,33.38437614731358
2,DIST,8.0,0.0,0.0,L,19,-52.73744381172598,28.932305312938446
2,DIST,8.0,0.0,0.0,R,19,58.3188957628456,33.50651829420725
2,DIST,8.0,0.0,0.0,L,20,-52.00008905316325,29.37997226695114
2,DIST,8.0,0.0,0.0,R,20,58.318852908387136,33.84169579856353
2,DIST,8.0,0.0,0.0,L,21,-51.881446773974126,29.246150840945973
2,DIST,8.0,0.0,0.0,R,21,58.12747402767597,33.76927395182327
2,DIST,8.0,0.0,0.0,L,22,-55.001604008666426,29.55166019741172
2,DIST,8.0,0.0,0.0,R,22,54.58608453051841,32.838546321729474
2,DIST,8.0,0.0,0.0,L,23,-53.208725610830385,30.16154023114421
2,DIST,8.0,0.0,0.0,R,23,57.09376775509784,34.544971575599966
2,DIST,8.0,0.0,0.0,L,24,-52.51786742861921,29.589855051470217
2,DIST,8.0,0.0,0.0,R,24,57.10922836943719,35.260504941554416
2,DIST,8.0,0.0,0.0,L,25,-52.85898434555366,30.405567671183878
2,DIST,8.0,0.0,0.0,R,25,57.52926159383682,35.06626209682669
3,DIST,4.0,0.0,0.0,L,0,-43.31915241394663,44.99384130955009
3,DIST,4.0,0.0,0.0,R,0,54.89494175744089,35.25888568741343
3,DIST,4.0,0.0,0.0,L,1,-43.66345991565581,44.95853885542641
3,DIST,4.0,0.0,0.0,R,1,54.16404293071611,35.338773816912976
3,DIST,4.0,0.0,0.0,L,2,-44.48668274102451,45.00152966476672
3,DIST,4.0,0.0,0.0,R,2,54.42210620417788,34.66955351014742
3,DIST,4.0,0.0,0.0,L,3,-44.84768953943891,44.711792287284396
3,DIST,4.0,0.0,0.0,R,3,54.2605888101073,35.091551689467146
3,DIST,4.0,0.0,0.0,L,4,-45.328295237691975,44.10153605095401
3,DIST,4.0,0.0,0.0,R,4,54.58392139507355,34.741538868805065
3,DIST,4.0,0.0,0.0,L,5,-41.6967655306577,43.57215795665807
3,DIST,4.0,0.0,0.0,R,5,59.20904130615091,34.56137206307658
3,DIST,4.0,0.0,0.0,L,6,-40.10247792956655,44.426816575547505
3,DIST,4.0,0.0,0.0,R,6,61.04108240738322,33.13053580453228
3,DIST,4.0,0.0,0.0,L,7,-38.48397027001462,44.72981020596881
3,DIST,4.0,0.0,0.0,R,7,60.577629912533645,32.422786787390024
3,DIST,4.0,0.0,0.0,L,8,-39.40303582649662,44.219886376662735
3,DIST,4.0,0.0,0.0,R,8,59.68229745069256,32.65424630041635
3,DIST,4.0,0.0,0.0,L,9,-39.87201893795654,44.055509862323305
3,DIST,4.0,0.0,0.0,R,9,60.405129377945904,32.67125485923215
3,DIST,4.0,0.0,0.0,L,10,-39.673814137595166,44.40249637741664
3,DIST,4.0,0.0,0.0,R,10,60.457200948861676,33.01133901862438
3,DIST,4.0,0.0,0.0,L,11,-39.34590145541967,44.07471371003288
3,DIST,4.0,0.0,0.0,R,11,60.54092055857038,32.79857040609863
3,DIST,4.0,0.0,0.0,L,12,-39.25880834606825,43.348614264090074
3,DIST,4.0,0.0,0.0,R,12,60.548486751182594,33.18337276117984
3,DIST,4.0,0.0,0.0,L,13,-39.00513380956795,43.720999172752016
3,DIST,4.0,0.0,0.0,R,13,60.76277900068105,33.089290953999694
3,DIST,4.0,0.0,0.0,L,14,-39.074565267197706,44.043399052182366
3,DIST,4.0,0.0,0.0,R,14,61.22548391067124,32.32080120198609
3,DIST,4.0,0.0,0.0,L,15,-38.61912113193334,43.72641524215414
3,DIST,4.0,0.0,0.0,R,15,61.536014862196936,32.65369993504757
3,DIST,4.0,0.0,0.0,L,16,-38.925560157332995,43.47222607761972
3,DIST,4.0,0.0,0.0,R,16,60.65498702126229,33.45628049406434
3,DIST,4.0,0.0,0.0,L,17,-38.763390269636886,43.47914559285331
3,DIST,4.0,0.0,0.0,R,17,61.68721071579889,33.25131858778065
3,DIST,4.0,0.0,0.0,L,18,-37.007496028664185,43.571390382153425
3,DIST,4.0,0.0,0.0,R,18,62.315522271981294,33.00005199787148
3,DIST,4.0,0.0,0.0,L,19,-37.79124862067818,42.48635927157207
3,DIST,4.0,0.0,0.0,R,19,62.37236857706216,32.59661157909019
3,DIST,4.0,0.0,0.0,L,20,-38.536360807998946,41.60927250557648
3,DIST,4.0,0.0,0.0,R,20,63.697372356568984,31.970359015407205
3,DIST,4.0,0.0,0.0,L,21,-38.19067180677019,43.206604392995686
3,DIST,4.0,0.0,0.0,R,21,62.50565147396922,32.27564188576052
3,DIST,4.0,0.0,0.0,L,22,-42.40497161818305,41.47247799686647
3,DIST,4.0,0.0,0.0,R,22,58.43305844344272,32.28633298396436
3,DIST,4.0,0.0,0.0,L,23,-42.33808738045066,41.48454928961346
3,DIST,4.0,0.0,0.0,R,23,60.4964368305337,32.10723176784006
3,DIST,4.0,0.0,0.0,L,24,-40.590037069637845,42.37037581397971
3,DIST,4.0,0.0,0.0,R,24,60.55555569583258,31.95865052675388
4,DIST,2.0,0.0,0.0,L,0,-40.94328604660238,41.906850353893056
4,DIST,2.0,0.0,0.0,R,0,60.41160557110636,31.403683449558418
4,DIST,2.0,0.0,0.0,L,1,-40.86068516789643,42.093212348384455
4,DIST,2.0,0.0,0.0,R,1,60.000635749875045,31.840562443711583
4,DIST,2.0,0.0,0.0,L,2,-41.47618566828043,41.43795031190628
4,DIST,2.0,0.0,0.0,R,2,61.1290632445326,32.18897614412989
4,DIST,2.0,0.0,0.0,L,3,-40.58858235020591,41.49567358918765
4,DIST,2.0,0.0,0.0,R,3,62.14715506530976,31.219052750600955
4,DIST,2.0,0.0,0.0,L,4,-40.77409591847557,41.6694795986552
4,DIST,2.0,0.0,0.0,R,4,62.564635337109614,30.874207823652583
4,DIST,2.0,0.0,0.0,L,5,-41.14104232909798,41.5261428897432
4,DIST,2.0,0.0,0.0,R,5,62.36307750740311,31.681998929174647
4,DIST,2.0,0.0,0.0,L,6,-41.0174564052726,41.30737407115793
4,DIST,2.0,0.0,0.0,R,6,62.42415428771194,30.898398697311094
4,DIST,2.0,0.0,0.0,L,7,-42.437623848633145,41.01000722874062
4,DIST,2.0,0.0,0.0,R,7,61.44208619114467,30.75028352756246
4,DIST,2.0,0.0,0.0,L,8,-41.643465803476026,41.15227723301512
4,DIST,2.0,0.0,0.0,R,8,60.681210735045674,31.459084725988117
4,DIST,2.0,0.0,0.0,L,9,-42.395987861012145,40.83688819709929
4,DIST,2.0,0.0,0.0,R,9,61.02116157375049,31.652235390146515
4,DIST,2.0,0.0,0.0,L,10,-42.72051328151208,41.99186336726091
4,DIST,2.0,0.0,0.0,R,10,62.24736855781634,30.857156770620414
4,DIST,2.0,0.0,0.0,L,11,-42.53755329553195,41.0470444341662
4,DIST,2.0,0.0,0.0,R,11,61.802743711277294,31.186496082945826
4,DIST,2.0,0.0,0.0,L,12,-42.461409062723476,41.17001885367358
4,DIST,2.0,0.0,0.0,R,12,62.7214767956836,30.82897226371185
4,DIST,2.0,0.0,0.0,L,13,-43.84519646326643,41.70822695441414
4,DIST,2.0,0.0,0.0,R,13,62.12006899424144,31.11031470833613
4,DIST,2.0,0.0,0.0,L,14,-44.910335311130495,41.856372125032905
4,DIST,2.0,0.0,0.0,R,14,61.6384551038637,31.16994192699427
4,DIST,2.0,0.0,0.0,L,15,-45.77355702522445,41.677603480085864
4,DIST,2.0,0.0,0.0,R,15,60.18651330593322,30.39808898119206
4,DIST,2.0,0.0,0.0,L,16,-45.69292596184404,40.98360405400401
4,DIST,2.0,0.0,0.0,R,16,60.23595249759528,29.916490903525016
4,DIST,2.0,0.0,0.0,L,17,-46.134484306186074,40.590505330624886
4,DIST,2.0,0.0,0.0,R,17,60.40961938723445,30.90689422924387
4,DIST,2.0,0.0,0.0,L,18,-45.18707890756338,40.93085325693542
4,DIST,2.0,0.0,0.0,R,18,60.891861682815346,30.746135415349062
4,DIST,2.0,0.0,0.0,L,19,-44.86664079332026,41.09202788611895
4,DIST,2.0,0.0,0.0,R,19,61.152671653954776,31.44736882061375
4,DIST,2.0,0.0,0.0,L,20,-45.50792785459187,40.19711053727798
4,DIST,2.0,0.0,0.0,R,20,61.218416756314234,31.111125550324914
4,DIST,2.0,0.0,0.0,L,21,-45.34642364919568,40.361670629050955
4,DIST,2.0,0.0,0.0,R,21,61.50504022180032,30.332535517115637
4,DIST,2.0,0.0,0.0,L,22,-45.08074520765076,40.08896888655448
4,DIST,2.0,0.0,0.0,R,22,60.619726903718224,30.813728551061175
4,DIST,2.0,0.0,0.0,L,23,-45.427531313703014,40.28243356606529
4,DIST,2.0,0.0,0.0,R,23,60.80493496973619,31.070235604245376
4,DIST,2.0,0.0,0.0,L,24,-45.62878932490379,40.39758318704571
4,DIST,2.0,0.0,0.0,R,24,60.23745321018013,31.64567422166877
4,DIST,2.0,0.0,0.0,L,25,-45.73271556637792,40.355780868743295
4,DIST,2.0,0.0,0.0,R,25,60.01043527788839,31.334570242102842
4,DIST,2.0,0.0,0.0,L,26,-44.09845481105572,41.42153569063173
4,DIST,2.0,0.0,0.0,R,26,59.84153117427811,31.808233427240776
5,DIST,1.0,0.0,0.0,L,0,-44.14039273902273,40.96543439644106
5,DIST,1.0,0.0,0.0,R,0,60.27506147114347,31.142917171656904
5,DIST,1.0,0.0,0.0,L,1,-45.238477850493666,39.95206731407117
5,DIST,1.0,0.0,0.0,R,1,59.873096783593866,30.99207963952647
5,DIST,1.0,0.0,0.0,L,2,-45.59679384971956,39.515837399809485
5,DIST,1.0,0.0,0.0,R,2,59.54046893646797,31.82539702119133
5,DIST,1.0,0.0,0.0,L,3,-45.44112443176884,40.20829184643774
5,DIST,1.0,0.0,0.0,R,3,59.881078158086936,31.729182709715865
5,DIST,1.0,0.0,0.0,L,4,-45.00328443244139,40.43939814632685
5,DIST,1.0,0.0,0.0,R,4,59.23917229800919,31.47597792598391
5,DIST,1.0,0.0,0.0,L,5,-45.57958269928467,41.096404301701924
5,DIST,1.0,0.0,0.0,R,5,60.601573185902545,31.3314959401916
5,DIST,1.0,0.0,0.0,L,6,-46.701726380625324,40.54292641618497
5,DIST,1.0,0.0,0.0,R,6,61.9599035179903,30.906326793311372
5,DIST,1.0,0.0,0.0,L,7,-47.59388008795453,40.48919656271341
5,DIST,1.0,0.0,0.0,R,7,62.4854024388036,30.671639365048904
5,DIST,1.0,0.0,0.0,L,8,-48.01578832444991,40.26112190866712
5,DIST,1.0,0.0,0.0,R,8,62.16989573109011,31.632756237335634
5,DIST,1.0,0.0,0.0,L,9,-47.35228387571974,41.02998798191237
5,DIST,1.0,0.0,0.0,R,9,62.42159351173697,31.171187251913047
5,DIST,1.0,0.0,0.0,L,10,-47.16823990782988,41.165231981506956
5,DIST,1.0,0.0,0.0,R,10,61.81403349336564,30.92956643299402
5,DIST,1.0,0.0,0.0,L,11,-47.040648604971636,41.13801473115977
5,DIST,1.0,0.0,0.0,R,11,62.4197951950807,30.515119863719192
5,DIST,1.0,0.0,0.0,L,12,-46.87288089101543,40.18085009763341
5,DIST,1.0,0.0,0.0,R,12,61.842098621734976,31.11943518196429
5,DIST,1.0,0.0,0.0,L,13,-48.532348393567204,38.9847850335474
5,DIST,1.0,0.0,0.0,R,13,69.98690602294305,36.33264227418363
5,DIST,1.0,0.0,0.0,L,14,-47.95996337547056,40.7847942679761
5,DIST,1.0,0.0,0.0,R,14,63.8709857004089,33.0853376128106
5,DIST,1.0,0.0,0.0,L,15,-48.52842123317493,40.0060368637139
5,DIST,1.0,0.0,0.0,R,15,63.382269756815674,31.045365884831
5,DIST,1.0,0.0,0.0,L,16,-47.17528889355319,40.067652910137866
5,DIST,1.0,0.0,0.0,R,16,62.40619107345191,30.3590146608789
5,DIST,1.0,0.0,0.0,L,17,-46.58907715144589,40.144384735097915
5,DIST,1.0,0.0,0.0,R,17,62.796074182659446,29.854209097117455
5,DIST,1.0,0.0,0.0,L,18,-46.60154050650573,40.25954455198421
5,DIST,1.0,0.0,0.0,R,18,62.785551118409394,30.940848198959053
5,DIST,1.0,0.0,0.0,L,19,-46.96669133408649,41.29218133606192
5,DIST,1.0,0.0,0.0,R,19,64.86935274014878,30.700780627880718
5,DIST,1.0,0.0,0.0,L,20,-47.28874621860937,40.56180319701176
5,DIST,1.0,0.0,0.0,R,20,64.38786186687294,30.27345999248014
5,DIST,1.0,0.0,0.0,L,21,-47.316267603113936,40.594948422803014
5,DIST,1.0,0.0,0.0,R,21,65.10752444257909,29.782070490807598
5,DIST,1.0,0.0,0.0,L,22,-47.014873184462544,40.395135013827854
5,DIST,1.0,0.0,0.0,R,22,65.49886712436934,29.61349677314864
5,DIST,1.0,0.0,0.0,L,23,-47.42114498368314,39.7071117297493
5,DIST,1.0,0.0,0.0,R,23,65.1186174049351,30.09600784791146
5,DIST,1.0,0.0,0.0,L,24,-47.92850397835455,39.54057456841947
5,DIST,1.0,0.0,0.0,R,24,64.34977858561356,30.8486348948474
6,DIST,0.5,0.0,0.0,L,0,-47.46678356456758,38.97226055685127
6,DIST,0.5,0.0,0.0,R,0,65.50283457887559,28.81786103939625
6,DIST,0.5,0.0,0.0,L,1,-48.18705835075866,38.29203377139216
6,DIST,0.5,0.0,0.0,R,1,65.43297285916907,28.709912837108895
6,DIST,0.5,0.0,0.0,L,2,-48.508302951262955,38.748938506916026
6,DIST,0.5,0.0,0.0,R,2,65.39244017674243,28.96131478462138
6,DIST,0.5,0.0,0.0,L,3,-49.10451727881447,39.16446960842511
6,DIST,0.5,0.0,0.0,R,3,65.52967081933998,29.32760041067817
6,DIST,0.5,0.0,0.0,L,4,-49.285299052322145,39.49786714736898
6,DIST,0.5,0.0,0.0,R,4,65.59142931192773,29.701993371303313
6,DIST,0.5,0.0,0.0,L,5,-50.20705129369595,38.866831539354
6,DIST,0.5,0.0,0.0,R,5,66.62132436749081,28.245316188767475
6,DIST,0.5,0.0,0.0,L,6,-49.954429671568306,39.68617930597753
6,DIST,0.5,0.0,0.0,R,6,66.54939663247073,28.041157723865314
6,DIST,0.5,0.0,0.0,L,7,-51.3891440318015,38.8713017515426
6,DIST,0.5,0.0,0.0,R,7,67.09937602559677,28.130740989676355
6,DIST,0.5,0.0,0.0,L,8,-51.52803942555729,38.74135269520276
6,DIST,0.5,0.0,0.0,R,8,67.73964848486727,27.989120087098687
6,DIST,0.5,0.0,0.0,L,9,-53.17519810546326,39.77989851089021
6,DIST,0.5,0.0,0.0,R,9,67.68881868507087,28.497456465576636
6,DIST,0.5,0.0,0.0,L,10,-52.49283310827231,41.089294489033044
6,DIST,0.5,0.0,0.0,R,10,67.10743068788011,29.336910236383368
6,DIST,0.5,0.0,0.0,L,11,-54.31186250308418,41.214490066077936
6,DIST,0.5,0.0,0.0,R,11,67.26003396631089,30.112753744350726
6,DIST,0.5,0.0,0.0,L,12,-55.06596701168835,40.413464494041754
6,DIST,0.5,0.0,0.0,R,12,67.5577560961221,30.072094241935687
6,DIST,0.5,0.0,0.0,L,13,-55.51592303252591,40.021782351786335
6,DIST,0.5,0.0,0.0,R,13,68.35819640179083,29.347003953730244
6,DIST,0.5,0.0,0.0,L,14,-55.3481482627364,39.82742616591256
6,DIST,0.5,0.0,0.0,R,14,67.61036389582188,30.076373393509705
6,DIST,0.5,0.0,0.0,L,15,-54.049019498379344,39.73608564719631
6,DIST,0.5,0.0,0.0,R,15,67.08817318506041,29.30045222746328
6,DIST,0.5,0.0,0.0,L,16,-54.494325676289066,40.02414663839961
6,DIST,0.5,0.0,0.0,R,16,66.90101942574138,29.247664340932367
6,DIST,0.5,0.0,0.0,L,17,-54.90287314823878,39.406693940144
6,DIST,0.5,0.0,0.0,R,17,66.94835315179812,29.518777624931474
6,DIST,0.5,0.0,0.0,L,18,-56.11157469138625,39.047901156326205
6,DIST,0.5,0.0,0.0,R,18,67.0692215062286,29.13448323173769
6,DIST,0.5,0.0,0.0,L,19,-57.120246776191784,38.68666705649567
6,DIST,0.5,0.0,0.0,R,19,67.19603897676006,28.964733474366675
6,DIST,0.5,0.0,0.0,L,20,-56.99455385143564,39.11994971275621
6,DIST,0.5,0.0,0.0,R,20,68.02686915084723,28.894895287060244
6,DIST,0.5,0.0,0.0,L,21,-56.764182166847355,38.61097290076006
6,DIST,0.5,0.0,0.0,R,21,68.96723464317283,27.466754638919916
6,DIST,0.5,0.0,0.0,L,22,-55.57219966608195,38.52965387205906
6,DIST,0.5,0.0,0.0,R,22,67.95587946745933,27.151541859434037
6,DIST,0.5,0.0,0.0,L,23,-54.29486628499183,38.65529642280567
6,DIST,0.5,0.0,0.0,R,23,68.14465509540184,28.13456169697661
6,DIST,0.5,0.0,0.0,L,24,-54.07879433561436,39.05968603525812
6,DIST,0.5,0.0,0.0,R,24,68.04573506757595,28.52962112933825
6,DIST,0.5,0.0,0.0,L,25,-54.02518166129782,39.67709152947821
6,DIST,0.5,0.0,0.0,R,25,68.83060510537277,29.178983363538602
6,DIST,0.5,0.0,0.0,L,26,-54.44040677833558,38.99629418455512
6,DIST,0.5,0.0,0.0,R,26,68.80993879861971,28.345333685946873
7,ANG,2.0,-7.5,0.0,L,0,-55.07094995381096,38.1729336356996
7,ANG,2.0,-7.5,0.0,R,0,70.62126251344468,28.26826431451086
7,ANG,2.0,-7.5,0.0,L,1,-54.54873816912411,38.63815193233307
7,ANG,2.0,-7.5,0.0,R,1,70.39717823088682,28.04384270908041
7,ANG,2.0,-7.5,0.0,L,2,-55.20046711562208,38.558732054441535
7,ANG,2.0,-7.5,0.0,R,2,70.4386239926108,27.50079656941063
7,ANG,2.0,-7.5,0.0,L,3,-55.89847020979646,38.04901232683476
7,ANG,2.0,-7.5,0.0,R,3,70.01054858214003,27.699507502383145
7,ANG,2.0,-7.5,0.0,L,4,-65.51534891891934,37.96451780885749
7,ANG,2.0,-7.5,0.0,R,4,52.54167042251329,27.153585296058065
7,ANG,2.0,-7.5,0.0,L,5,-67.98572734090095,37.7197118410206
7,ANG,2.0,-7.5,0.0,R,5,45.88179984261436,28.436330426944146
7,ANG,2.0,-7.5,0.0,L,6,-67.10836117126351,37.108076246622225
7,ANG,2.0,-7.5,0.0,R,6,43.74269736830557,28.141296723756714
7,ANG,2.0,-7.5,0.0,L,7,-67.73017731737994,37.39733080641602
7,ANG,2.0,-7.5,0.0,R,7,41.330708154476014,27.991617212389002
7,ANG,2.0,-7.5,0.0,L,8,-66.25756363431938,37.2204384301485
7,ANG,2.0,-7.5,0.0,R,8,40.12741077861478,28.4018003274794
7,ANG,2.0,-7.5,0.0,L,9,-64.98845000877749,37.342083479002206
7,ANG,2.0,-7.5,0.0,R,9,39.76502841496185,28.254284228593644
7,ANG,2.0,-7.5,0.0,L,10,-65.37708736340322,36.862893368566255
7,ANG,2.0,-7.5,0.0,R,10,39.37907734229832,28.888947196685425
7,ANG,2.0,-7.5,0.0,L,11,-68.80705331094231,38.60418031785396
7,ANG,2.0,-7.5,0.0,R,11,33.90528817571729,30.563405497999454
7,ANG,2.0,-7.5,0.0,L,12,-69.32464036365926,39.11460528834763
7,ANG,2.0,-7.5,0.0,R,12,33.660648377411015,30.61163666475758
7,ANG,2.0,-7.5,0.0,L,13,-70.32906621188499,39.31369188630435
7,ANG,2.0,-7.5,0.0,R,13,33.35700822594977,31.101830857000998
7,ANG,2.0,-7.5,0.0,L,14,-71.01235948886514,38.94316726892734
7,ANG,2.0,-7.5,0.0,R,14,33.6130074550705,30.493404470117408
7,ANG,2.0,-7.5,0.0,L,15,-70.93283240041984,38.399361850972255
7,ANG,2.0,-7.5,0.0,R,15,32.168544592680405,29.992130313014012
7,ANG,2.0,-7.5,0.0,L,16,-71.72527514898489,38.09428238488895
7,ANG,2.0,-7.5,0.0,R,16,32.12876148357288,29.894896069365984
7,ANG,2.0,-7.5,0.0,L,17,-71.23060688760282,38.09455026786888
7,ANG,2.0,-7.5,0.0,R,17,31.583754491835236,29.81968639351995
7,ANG,2.0,-7.5,0.0,L,18,-71.30298974331454,38.48304324982335
7,ANG,2.0,-7.5,0.0,R,18,32.010836675272245,30.86060072710574
7,ANG,2.0,-7.5,0.0,L,19,-71.54095057771555,38.52388671612225
7,ANG,2.0,-7.5,0.0,R,19,32.445419386192185,30.722697036344925
7,ANG,2.0,-7.5,0.0,L,20,-71.20091403385493,40.50785672742703
7,ANG,2.0,-7.5,0.0,R,20,32.411075469170946,31.172592002722173
7,ANG,2.0,-7.5,0.0,L,21,-71.27330800097582,40.02581231915886
7,ANG,2.0,-7.5,0.0,R,21,33.26723702211983,30.654663663769327
7,ANG,2.0,-7.5,0.0,L,22,-71.29779257683529,39.00092055384994
7,ANG,2.0,-7.5,0.0,R,22,32.29131250307655,30.77861871893557
7,ANG,2.0,-7.5,0.0,L,23,-71.4456420163017,39.22391781584333
7,ANG,2.0,-7.5,0.0,R,23,32.2168329070559,31.02529801673542
7,ANG,2.0,-7.5,0.0,L,24,-71.85867979707051,39.46614344508488
7,ANG,2.0,-7.5,0.0,R,24,32.07181446709763,30.992036076352385
7,ANG,2.0,-7.5,0.0,L,25,-71.43838859256608,39.65649241365234
7,ANG,2.0,-7.5,0.0,R,25,32.61598624926953,30.645957789031804
7,ANG,2.0,-7.5,0.0,L,26,-71.4333595791259,39.31955260646118
7,ANG,2.0,-7.5,0.0,R,26,32.29002133006506,30.3323107753395
8,ANG,2.0,-2.5,0.0,L,0,-71.96383979578508,38.412440474732016
8,ANG,2.0,-2.5,0.0,R,0,32.10947965947619,29.876280028515286
8,ANG,2.0,-2.5,0.0,L,1,-71.74402588694474,38.081987206616404
8,ANG,2.0,-2.5,0.0,R,1,32.09472208908738,30.04441069504036
8,ANG,2.0,-2.5,0.0,L,2,-71.83470595028595,38.24735255608755
8,ANG,2.0,-2.5,0.0,R,2,32.008059051635755,30.357337803226073
8,ANG,2.0,-2.5,0.0,L,3,-71.69385598096096,37.15746574379273
8,ANG,2.0,-2.5,0.0,R,3,32.51957605480617,29.676391933432843
8,ANG,2.0,-2.5,0.0,L,4,-63.775470397608295,38.52129079276506
8,ANG,2.0,-2.5,0.0,R,4,42.38113762391174,29.91128590710833
8,ANG,2.0,-2.5,0.0,L,5,-61.5140713212739,38.72978888578316
8,ANG,2.0,-2.5,0.0,R,5,44.45460311399226,30.407007180287113
8,ANG,2.0,-2.5,0.0,L,6,-61.04732115444896,38.726887634216524
8,ANG,2.0,-2.5,0.0,R,6,44.32617400597431,30.586464454569203
8,ANG,2.0,-2.5,0.0,L,7,-53.80561965678238,40.39032947414579
8,ANG,2.0,-2.5,0.0,R,7,51.14450508951623,31.014675249483687
8,ANG,2.0,-2.5,0.0,L,8,-52.7884918766508,40.24589835560677
8,ANG,2.0,-2.5,0.0,R,8,52.53958075264562,31.184834493427992
8,ANG,2.0,-2.5,0.0,L,9,-52.244918466965146,40.69043385166683
8,ANG,2.0,-2.5,0.0,R,9,52.84043400832779,31.11173056841888
8,ANG,2.0,-2.5,0.0,L,10,-52.54578965992005,40.00303437517061
8,ANG,2.0,-2.5,0.0,R,10,51.620084611409006,30.933284140391443
8,ANG,2.0,-2.5,0.0,L,11,-51.39156423597751,40.364289538876065
8,ANG,2.0,-2.5,0.0,R,11,51.95191372281509,31.137988566302433
8,ANG,2.0,-2.5,0.0,L,12,-52.22214013217086,39.5128464130129
8,ANG,2.0,-2.5,0.0,R,12,53.153738338733135,30.691563043626715
8,ANG,2.0,-2.5,0.0,L,13,-50.59190513279419,39.94427497823854
8,ANG,2.0,-2.5,0.0,R,13,52.89691070799091,31.310188615286776
8,ANG,2.0,-2.5,0.0,L,14,-51.938497212955376,39.21416631092583
8,ANG,2.0,-2.5,0.0,R,14,51.60062766407515,31.74133634011524
8,ANG,2.0,-2.5,0.0,L,15,-53.030213977318596,40.07547555814658
8,ANG,2.0,-2.5,0.0,R,15,51.63280787966379,31.461309292391864
8,ANG,2.0,-2.5,0.0,L,16,-52.37964864766657,41.05010359206063
8,ANG,2.0,-2.5,0.0,R,16,52.2157777210504,31.280245421208285
8,ANG,2.0,-2.5,0.0,L,17,-51.17814502694979,40.53054948292736
8,ANG,2.0,-2.5,0.0,R,17,51.61853276659421,31.19891142965821
8,ANG,2.0,-2.5,0.0,L,18,-50.13775867799828,40.72473625248075
8,ANG,2.0,-2.5,0.0,R,18,51.67395715939743,30.161876338178942
8,ANG,2.0,-2.5,0.0,L,19,-51.04406503750809,40.68462717853913
8,ANG,2.0,-2.5,0.0,R,19,51.59771311712491,31.361806326047336
8,ANG,2.0,-2.5,0.0,L,20,-50.795421652014426,40.612467051467526
8,ANG,2.0,-2.5,0.0,R,20,51.503490026262,29.99750152696205
8,ANG,2.0,-2.5,0.0,L,21,-51.757925018194584,40.308125298472866
8,ANG,2.0,-2.5,0.0,R,21,51.02407884339688,30.247606551963933
8,ANG,2.0,-2.5,0.0,L,22,-50.99539191591021,40.70162842506877
8,ANG,2.0,-2.5,0.0,R,22,51.42247941811061,29.82337292902391
8,ANG,2.0,-2.5,0.0,L,23,-51.25127298236212,40.608929571288876
8,ANG,2.0,-2.5,0.0,R,23,50.801617640823075,31.289226201534987
8,ANG,2.0,-2.5,0.0,L,24,-51.25264659874135,40.68361646639069
8,ANG,2.0,-2.5,0.0,R,24,50.141838332678674,30.354762181121522
9,ANG,2.0,2.5,0.0,L,0,-51.83952434631421,40.38062655595396
9,ANG,2.0,2.5,0.0,R,0,50.38961440987592,32.1882307551823
9,ANG,2.0,2.5,0.0,L,1,-52.82375794040831,40.16124050844134
9,ANG,2.0,2.5,0.0,R,1,49.944043392657235,30.70079479550668
9,ANG,2.0,2.5,0.0,L,2,-45.48579514263588,40.20318143333641
9,ANG,2.0,2.5,0.0,R,2,56.534984074491646,39.157251046444
9,ANG,2.0,2.5,0.0,L,3,-39.92029845500933,40.74424144217718
9,ANG,2.0,2.5,0.0,R,3,62.73918803698854,32.231141552580446
9,ANG,2.0,2.5,0.0,L,4,-39.77152568524225,40.313130435525196
9,ANG,2.0,2.5,0.0,R,4,64.42897636465392,31.062667046784423
9,ANG,2.0,2.5,0.0,L,5,-38.46448572851145,40.83637323860233
9,ANG,2.0,2.5,0.0,R,5,65.71517320386593,31.645320945112754
9,ANG,2.0,2.5,0.0,L,6,-37.85571440831383,40.7032905966735
9,ANG,2.0,2.5,0.0,R,6,65.20758494439468,31.019128178758614
9,ANG,2.0,2.5,0.0,L,7,-34.71805916046267,41.57108376879312
9,ANG,2.0,2.5,0.0,R,7,67.33984407444144,30.8085851858511
9,ANG,2.0,2.5,0.0,L,8,-35.58698292744758,41.53549764265591
9,ANG,2.0,2.5,0.0,R,8,65.70841944693268,32.03624376112734
9,ANG,2.0,2.5,0.0,L,9,-36.25693228414386,41.75037530537683
9,ANG,2.0,2.5,0.0,R,9,65.09091012190667,32.25392463983473
9,ANG,2.0,2.5,0.0,L,10,-37.02589583795929,41.608492899709006
9,ANG,2.0,2.5,0.0,R,10,66.20916041113958,32.57322622182473
9,ANG,2.0,2.5,0.0,L,11,-36.409970858866785,41.868791594498106
9,ANG,2.0,2.5,0.0,R,11,66.06719080701248,32.20486650922435
9,ANG,2.0,2.5,0.0,L,12,-36.22451023872997,41.93322739987335
9,ANG,2.0,2.5,0.0,R,12,65.9169242736493,31.907911472054515
9,ANG,2.0,2.5,0.0,L,13,-36.15007740445988,42.0587463083633
9,ANG,2.0,2.5,0.0,R,13,65.21251507371124,32.30810348556823
9,ANG,2.0,2.5,0.0,L,14,-36.988046060783304,41.41129862230737
9,ANG,2.0,2.5,0.0,R,14,66.12092498284231,31.57807761446981
9,ANG,2.0,2.5,0.0,L,15,-35.50521288577111,41.89386495045521
9,ANG,2.0,2.5,0.0,R,15,71.62567924971549,37.379220232214706
9,ANG,2.0,2.5,0.0,L,16,-35.809419794193914,41.81235926330267
9,ANG,2.0,2.5,0.0,R,16,66.76776423292264,33.64280908423361
9,ANG,2.0,2.5,0.0,L,17,-35.98470513865277,41.61151575101039
9,ANG,2.0,2.5,0.0,R,17,65.97199762931349,32.22072118217294
9,ANG,2.0,2.5,0.0,L,18,-36.03916195438292,42.09896356371986
9,ANG,2.0,2.5,0.0,R,18,66.57808250972774,31.446189467658744
9,ANG,2.0,2.5,0.0,L,19,-37.61405572983814,41.877590872990666
9,ANG,2.0,2.5,0.0,R,19,64.79856928992642,32.67819505698282
9,ANG,2.0,2.5,0.0,L,20,-37.861177139803026,41.67252148609556
9,ANG,2.0,2.5,0.0,R,20,65.4866549321502,32.38090984737215
9,ANG,2.0,2.5,0.0,L,21,-38.12938770165086,40.87312234653071
9,ANG,2.0,2.5,0.0,R,21,65.88196800409244,31.965098361965293
9,ANG,2.0,2.5,0.0,L,22,-38.41424110335058,40.68658419681625
9,ANG,2.0,2.5,0.0,R,22,66.53789853828876,31.463984056415107
9,ANG,2.0,2.5,0.0,L,23,-37.01471037957594,41.27792303009936
9,ANG,2.0,2.5,0.0,R,23,68.13028795799714,30.89209860442449
9,ANG,2.0,2.5,0.0,L,24,-36.263566552333714,41.08582404730059
9,ANG,2.0,2.5,0.0,R,24,67.68711246015482,31.002392343592003
9,ANG,2.0,2.5,0.0,L,25,-36.73193677682398,40.91132702409746
9,ANG,2.0,2.5,0.0,R,25,67.44551483164686,30.345317987925007
9,ANG,2.0,2.5,0.0,L,26,-37.41628740236081,40.91393004449406
9,ANG,2.0,2.5,0.0,R,26,67.21501817735896,30.352103775889784
10,ANG,2.0,7.5,0.0,L,0,-39.384068602472205,40.06990288373164
10,ANG,2.0,7.5,0.0,R,0,68.0639075804745,30.54164459218928
10,ANG,2.0,7.5,0.0,L,1,-38.46149060408456,40.09404480677936
10,ANG,2.0,7.5,0.0,R,1,67.79161394486951,29.766324040515308
10,ANG,2.0,7.5,0.0,L,2,-36.78428115445073,40.295853972989875
10,ANG,2.0,7.5,0.0,R,2,59.29662429222056,51.66136936164932
10,ANG,2.0,7.5,0.0,L,3,-27.10437194048339,40.64030728553561
10,ANG,2.0,7.5,0.0,R,3,77.68279826392643,34.710452210376566
10,ANG,2.0,7.5,0.0,L,4,-25.669704324254266,40.58828967233892
10,ANG,2.0,7.5,0.0,R,4,81.27220269977545,31.755954289007867
10,ANG,2.0,7.5,0.0,L,5,-25.349999802747345,40.0929251847163
10,ANG,2.0,7.5,0.0,R,5,82.50672408520738,30.22028948783164
10,ANG,2.0,7.5,0.0,L,6,-24.984260112981772,40.076948822675746
10,ANG,2.0,7.5,0.0,R,6,82.86406386836109,29.856533891018252
10,ANG,2.0,7.5,0.0,L,7,-20.058761861856752,41.185488296681285
10,ANG,2.0,7.5,0.0,R,7,85.96725307346571,30.78733053170832
10,ANG,2.0,7.5,0.0,L,8,-19.251270478012,41.21848290822296
10,ANG,2.0,7.5,0.0,R,8,87.63890257480813,29.987980007383857
10,ANG,2.0,7.5,0.0,L,9,-19.38841796534712,40.71153955478921
10,ANG,2.0,7.5,0.0,R,9,87.86542776271254,29.90288641605057
10,ANG,2.0,7.5,0.0,L,10,-17.7879930546605,41.28885652165719
10,ANG,2.0,7.5,0.0,R,10,87.8943460724184,29.74990184325504
10,ANG,2.0,7.5,0.0,L,11,-18.919607492640797,40.95418324450329
10,ANG,2.0,7.5,0.0,R,11,87.24320147661712,31.018253837817667
10,ANG,2.0,7.5,0.0,L,12,-18.174321925473485,41.48649661543714
10,ANG,2.0,7.5,0.0,R,12,86.8364066720007,30.70647997427769
10,ANG,2.0,7.5,0.0,L,13,-18.5928656452177,41.03462604357358
10,ANG,2.0,7.5,0.0,R,13,87.64975032114538,30.052681969934785
10,ANG,2.0,7.5,0.0,L,14,-18.894759759893628,40.06446679601025
10,ANG,2.0,7.5,0.0,R,14,87.80324073017974,30.532153556945048
10,ANG,2.0,7.5,0.0,L,15,-17.867087027147726,40.39143213690017
10,ANG,2.0,7.5,0.0,R,15,87.20569522534878,30.41924944667361
10,ANG,2.0,7.5,0.0,L,16,-17.05164103276159,41.11793157226272
10,ANG,2.0,7.5,0.0,R,16,88.57288697693997,30.19521835150436
10,ANG,2.0,7.5,0.0,L,17,-18.012074836595477,41.016805395682375
10,ANG,2.0,7.5,0.0,R,17,87.96405083351645,30.375200562672546
10,ANG,2.0,7.5,0.0,L,18,-17.877944332630857,41.72786893307803
10,ANG,2.0,7.5,0.0,R,18,88.40418874769038,30.029609393302522
10,ANG,2.0,7.5,0.0,L,19,-18.090809556655003,41.48051600386363
10,ANG,2.0,7.5,0.0,R,19,88.05585510860192,30.016972957410054
10,ANG,2.0,7.5,0.0,L,20,-18.054446817423717,41.04042080092752
10,ANG,2.0,7.5,0.0,R,20,88.56527128878989,30.717175410769887
10,ANG,2.0,7.5,0.0,L,21,-18.596759340758517,41.40506279053308
10,ANG,2.0,7.5,0.0,R,21,89.43738883051935,29.865500194689595
10,ANG,2.0,7.5,0.0,L,22,-18.431021655491428,41.28953205205637
10,ANG,2.0,7.5,0.0,R,22,89.53952232037703,29.96415862056212
10,ANG,2.0,7.5,0.0,L,23,-18.4001511751245,40.899342305344966
10,ANG,2.0,7.5,0.0,R,23,89.41493480416233,29.969431009559006
10,ANG,2.0,7.5,0.0,L,24,-18.981086785869977,39.93411526711887
10,ANG,2.0,7.5,0.0,R,24,89.05338197507842,29.863386893571167
10,ANG,2.0,7.5,0.0,L,25,-18.926997028002173,40.139905073791354
10,ANG,2.0,7.5,0.0,R,25,88.74359284132017,29.798930964893067
11,ANG,2.0,0.0,5.0,L,0,-20.28042027053467,39.86812832985021
11,ANG,2.0,0.0,5.0,R,0,88.601937968449,30.47644593295194
11,ANG,2.0,0.0,5.0,L,1,-19.749328116400367,39.73596351381019
11,ANG,2.0,0.0,5.0,R,1,88.70605434749373,29.343824970633975
11,ANG,2.0,0.0,5.0,L,2,-18.89790960545721,39.997604933151926
11,ANG,2.0,0.0,5.0,R,2,88.57560174452763,29.12195443135839
11,ANG,2.0,0.0,5.0,L,3,-21.212392234456473,40.57621074608855
11,ANG,2.0,0.0,5.0,R,3,88.89328273096018,29.145675575147944
11,ANG,2.0,0.0,5.0,L,4,-34.1444778358707,45.645508418619734
11,ANG,2.0,0.0,5.0,R,4,73.03959141774317,35.903067624298956
11,ANG,2.0,0.0,5.0,L,5,-38.705243663223975,48.761500776484844
11,ANG,2.0,0.0,5.0,R,5,66.00815285588283,39.52012854505787
11,ANG,2.0,0.0,5.0,L,6,-41.94855144252694,53.5611906623147
11,ANG,2.0,0.0,5.0,R,6,62.766722809634615,44.49846496703382
11,ANG,2.0,0.0,5.0,L,7,-42.24341623009137,55.63882588293451
11,ANG,2.0,0.0,5.0,R,7,61.59339904235991,46.368534439087405
11,ANG,2.0,0.0,5.0,L,8,-42.251791667795324,56.18837808170158
11,ANG,2.0,0.0,5.0,R,8,61.35242777321625,46.9598997630828
11,ANG,2.0,0.0,5.0,L,9,-42.094768179148986,56.69646518183486
11,ANG,2.0,0.0,5.0,R,9,60.49654098061528,47.43595607094675
11,ANG,2.0,0.0,5.0,L,10,-42.14565075254754,57.010805224187635
11,ANG,2.0,0.0,5.0,R,10,60.196673380507185,47.543582762273374
11,ANG,2.0,0.0,5.0,L,11,-42.6719688216406,56.782139856504486
11,ANG,2.0,0.0,5.0,R,11,60.88347567333715,47.21906818299486
11,ANG,2.0,0.0,5.0,L,12,-42.79521136928181,57.00106542469323
11,ANG,2.0,0.0,5.0,R,12,61.180575470267364,47.743672352890776
11,ANG,2.0,0.0,5.0,L,13,-42.8779453693068,56.794795487124446
11,ANG,2.0,0.0,5.0,R,13,62.03121556028283,46.894702801062444
11,ANG,2.0,0.0,5.0,L,14,-42.91603822051123,56.60200402347006
11,ANG,2.0,0.0,5.0,R,14,62.11208328595831,47.45800616275888
11,ANG,2.0,0.0,5.0,L,15,-43.04657156346858,56.56291771655933
11,ANG,2.0,0.0,5.0,R,15,62.51868412666145,46.87781443108562
11,ANG,2.0,0.0,5.0,L,16,-43.3239018791747,56.111965814309904
11,ANG,2.0,0.0,5.0,R,16,63.01480908980777,46.23280264226452
11,ANG,2.0,0.0,5.0,L,17,-43.15080033414298,56.27152875397155
11,ANG,2.0,0.0,5.0,R,17,62.36559549402453,46.50513488700848
11,ANG,2.0,0.0,5.0,L,18,-42.60047446709661,55.7902112812049
11,ANG,2.0,0.0,5.0,R,18,61.28374341489197,46.73319187180958
11,ANG,2.0,0.0,5.0,L,19,-42.88074588321118,55.39450197583463
11,ANG,2.0,0.0,5.0,R,19,61.62555411607301,45.84273344878345
11,ANG,2.0,0.0,5.0,L,20,-42.602358604248685,55.88984742417156
11,ANG,2.0,0.0,5.0,R,20,61.516443444143704,45.79004520786758
11,ANG,2.0,0.0,5.0,L,21,-44.4391038330036,55.71103261945176
11,ANG,2.0,0.0,5.0,R,21,62.00894676511056,45.96364149343867
11,ANG,2.0,0.0,5.0,L,22,-43.87594340199266,55.877745215922936
11,ANG,2.0,0.0,5.0,R,22,62.11174511129476,45.84740054203594
11,ANG,2.0,0.0,5.0,L,23,-42.61667960849679,56.371774965353396
11,ANG,2.0,0.0,5.0,R,23,61.37755986661263,46.66642367757603
12,ANG,2.0,0.0,1.666,L,0,-43.75879975069993,55.45202669632158
12,ANG,2.0,0.0,1.666,R,0,62.131727610513906,45.66311744073982
12,ANG,2.0,0.0,1.666,L,1,-43.55873900937199,54.6271061140576
12,ANG,2.0,0.0,1.666,R,1,61.68382958321248,45.32507333154333
12,ANG,2.0,0.0,1.666,L,2,-42.91756961677848,54.82175458018482
12,ANG,2.0,0.0,1.666,R,2,61.92638933600389,45.41932276766152
12,ANG,2.0,0.0,1.666,L,3,-43.51180695052361,54.54469757892967
12,ANG,2.0,0.0,1.666,R,3,62.519587721518285,44.86047622130853
12,ANG,2.0,0.0,1.666,L,4,-43.88515298933947,54.569211042422126
12,ANG,2.0,0.0,1.666,R,4,62.657876715822475,45.11479487885721
12,ANG,2.0,0.0,1.666,L,5,-46.559207560805305,48.67431291864134
12,ANG,2.0,0.0,1.666,R,5,60.109765099619906,39.29870780129527
12,ANG,2.0,0.0,1.666,L,6,-46.53273505966462,45.14320353105208
12,ANG,2.0,0.0,1.666,R,6,67.27384927086189,41.456143800934576
12,ANG,2.0,0.0,1.666,L,7,-45.83673531214161,43.7228952306
12,ANG,2.0,0.0,1.666,R,7,53.44797014985954,58.10834249818011
12,ANG,2.0,0.0,1.666,L,8,-46.30680444678307,42.70748994846643
12,ANG,2.0,0.0,1.666,R,8,48.9406916547988,60.725112983736665
12,ANG,2.0,0.0,1.666,L,9,-45.58462538013195,43.0628570257551
12,ANG,2.0,0.0,1.666,R,9,51.6148372874911,53.58892142331376
12,ANG,2.0,0.0,1.666,L,10,-46.19724122436001,42.34685176252617
12,ANG,2.0,0.0,1.666,R,10,58.80413420040981,36.805834572425056
12,ANG,2.0,0.0,1.666,L,11,-46.10880399532871,43.132802956357885
12,ANG,2.0,0.0,1.666,R,11,60.61459464429799,34.25627309644651
12,ANG,2.0,0.0,1.666,L,12,-46.35862268386755,42.892674802500125
12,ANG,2.0,0.0,1.666,R,12,61.60640654766894,34.04134192044575
12,ANG,2.0,0.0,1.666,L,13,-46.26087274769877,43.67158662057107
12,ANG,2.0,0.0,1.666,R,13,62.11430368719603,34.5012101048988
12,ANG,2.0,0.0,1.666,L,14,-44.490074025174714,44.29075220872808
12,ANG,2.0,0.0,1.666,R,14,60.88829526923113,34.972501320989736
12,ANG,2.0,0.0,1.666,L,15,-43.66684545778364,44.04532216893373
12,ANG,2.0,0.0,1.666,R,15,61.718096888408496,34.57115069478784
12,ANG,2.0,0.0,1.666,L,16,-44.80823654734537,43.07503698146282
12,ANG,2.0,0.0,1.666,R,16,51.80976431239758,56.49133065151981
12,ANG,2.0,0.0,1.666,L,17,-44.45517440737199,44.6490777337834
12,ANG,2.0,0.0,1.666,R,17,57.09095361928515,39.68331903971067
12,ANG,2.0,0.0,1.666,L,18,-44.3042132435096,45.78732573138995
12,ANG,2.0,0.0,1.666,R,18,58.49194588238185,36.69863113120577
12,ANG,2.0,0.0,1.666,L,19,-45.6449498012405,46.03759626009664
12,ANG,2.0,0.0,1.666,R,19,60.13443010901335,37.2905244126361
12,ANG,2.0,0.0,1.666,L,20,-44.84074364353705,46.31586315765353
12,ANG,2.0,0.0,1.666,R,20,60.3165224402688,37.795246830705935
12,ANG,2.0,0.0,1.666,L,21,-43.97962527033435,46.69859790479383
12,ANG,2.0,0.0,1.666,R,21,60.37868216558519,37.225211526225586
12,ANG,2.0,0.0,1.666,L,22,-44.627867355968434,45.46991848734893
12,ANG,2.0,0.0,1.666,R,22,60.3785845589258,36.85304277119079
12,ANG,2.0,0.0,1.666,L,23,-44.83273953054591,45.138980535765775
12,ANG,2.0,0.0,1.666,R,23,61.09505380970711,36.54589886348518
12,ANG,2.0,0.0,1.666,L,24,-43.52787799136716,45.87709902594836
12,ANG,2.0,0.0,1.666,R,24,60.67636991662655,37.01841958306823
12,ANG,2.0,0.0,1.666,L,25,-44.08649463302841,45.94688840416681
12,ANG,2.0,0.0,1.666,R,25,60.69978886600771,37.01919528357165
12,ANG,2.0,0.0,1.666,L,26,-45.00366061136764,45.321722085366
12,ANG,2.0,0.0,1.666,R,26,56.70710939241565,65.60762503287177
13,ANG,2.0,0.0,-1.666,L,0,-43.889953143951004,45.25693086669642
13,ANG,2.0,0.0,-1.666,R,0,59.890059155140236,36.5966427834374
13,ANG,2.0,0.0,-1.666,L,1,-44.39235787420547,45.30226387487171
13,ANG,2.0,0.0,-1.666,R,1,58.94601137202575,37.09845844808409
13,ANG,2.0,0.0,-1.666,L,2,-43.75981251512119,45.05038084323313
13,ANG,2.0,0.0,-1.666,R,2,58.8373260054623,36.45701144273028
13,ANG,2.0,0.0,-1.666,L,3,-43.53042502186276,45.10688855265707
13,ANG,2.0,0.0,-1.666,R,3,64.73898183288166,41.381437203387556
13,ANG,2.0,0.0,-1.666,L,4,-44.11468909132867,38.9399043953655
13,ANG,2.0,0.0,-1.666,R,4,53.509422707593075,51.6844275351264
13,ANG,2.0,0.0,-1.666,L,5,-44.02300524778424,38.145247254180184
13,ANG,2.0,0.0,-1.666,R,5,51.041096087463615,53.90983532934075
13,ANG,2.0,0.0,-1.666,L,6,-44.63387244228595,36.74805705659196
13,ANG,2.0,0.0,-1.666,R,6,58.914309665510395,32.88200089923353
13,ANG,2.0,0.0,-1.666,L,7,-44.63360944221411,36.33095414148645
13,ANG,2.0,0.0,-1.666,R,7,56.266152158697636,56.659547144006396
13,ANG,2.0,0.0,-1.666,L,8,-44.52888105884755,35.60385035952201
13,ANG,2.0,0.0,-1.666,R,8,55.633072652677264,61.310281105863346
13,ANG,2.0,0.0,-1.666,L,9,-44.79388634941617,35.333914393383665
13,ANG,2.0,0.0,-1.666,R,9,59.76963546088612,33.221285355545696
13,ANG,2.0,0.0,-1.666,L,10,-44.01373461826637,35.86633177625847
13,ANG,2.0,0.0,-1.666,R,10,57.17871082856837,27.768430139431217
13,ANG,2.0,0.0,-1.666,L,11,-45.12614524486884,36.15114476128379
13,ANG,2.0,0.0,-1.666,R,11,58.531163602062755,26.108898705911663
13,ANG,2.0,0.0,-1.666,L,12,-44.83595560095717,35.574891232928344
13,ANG,2.0,0.0,-1.666,R,12,57.89885795268717,25.49901898145238
13,ANG,2.0,0.0,-1.666,L,13,-45.57514004440352,35.85413374078354
13,ANG,2.0,0.0,-1.666,R,13,57.586652073120874,26.007544469916105
13,ANG,2.0,0.0,-1.666,L,14,-44.847090810221474,36.51909123670488
13,ANG,2.0,0.0,-1.666,R,14,58.313145859857244,25.932317524146615
13,ANG,2.0,0.0,-1.666,L,15,-45.1352215152294,35.88114607763355
13,ANG,2.0,0.0,-1.666,R,15,53.64141491477375,54.43671613170641
13,ANG,2.0,0.0,-1.666,L,16,-44.92768954650093,35.959778590666254
13,ANG,2.0,0.0,-1.666,R,16,58.567534726434076,32.10413886257476
13,ANG,2.0,0.0,-1.666,L,17,-44.27772642114251,35.98719154721391
13,ANG,2.0,0.0,-1.666,R,17,58.99000727032606,28.01804883660367
13,ANG,2.0,0.0,-1.666,L,18,-44.827152981040044,36.054618558234324
13,ANG,2.0,0.0,-1.666,R,18,59.787765373289815,26.900578823543096
13,ANG,2.0,0.0,-1.666,L,19,-44.328406479622366,35.97245066582091
13,ANG,2.0,0.0,-1.666,R,19,59.223430062124486,26.890080221531292
13,ANG,2.0,0.0,-1.666,L,20,-43.700427195966114,36.2064155655727
13,ANG,2.0,0.0,-1.666,R,20,59.04385854503372,26.89202600460546
13,ANG,2.0,0.0,-1.666,L,21,-43.921249287708115,35.8870178645158
13,ANG,2.0,0.0,-1.666,R,21,59.191015485867304,26.248575703637293
13,ANG,2.0,0.0,-1.666,L,22,-43.620955538742905,35.06375563041645
13,ANG,2.0,0.0,-1.666,R,22,59.50602607571015,26.408437626925853
13,ANG,2.0,0.0,-1.666,L,23,-43.226406308287416,35.703402861226586
13,ANG,2.0,0.0,-1.666,R,23,60.53292301523937,25.805032446864782
13,ANG,2.0,0.0,-1.666,L,24,-43.429048172141094,36.12354671013905
13,ANG,2.0,0.0,-1.666,R,24,60.49408896685711,25.84840005739662
14,ANG,2.0,0.0,-5.0,L,0,-44.45508403890408,34.955190535670845
14,ANG,2.0,0.0,-5.0,R,0,59.63377526370896,25.823230054422616
14,ANG,2.0,0.0,-5.0,L,1,-44.182304845338294,35.015114253553214
14,ANG,2.0,0.0,-5.0,R,1,59.25319747338313,26.339752933703462
14,ANG,2.0,0.0,-5.0,L,2,-43.74272392064547,35.1358263196976
14,ANG,2.0,0.0,-5.0,R,2,59.393630459092265,25.987440533539115
14,ANG,2.0,0.0,-5.0,L,3,-44.33923621157152,35.05514516979527
14,ANG,2.0,0.0,-5.0,R,3,59.1674231586599,25.847512648793437
14,ANG,2.0,0.0,-5.0,L,4,-43.85391126012797,28.66654379063995
14,ANG,2.0,0.0,-5.0,R,4,59.82132420431263,18.07840082085788
14,ANG,2.0,0.0,-5.0,L,5,-45.300557970069335,26.483406930696678
14,ANG,2.0,0.0,-5.0,R,5,60.60501419132654,16.052744666456313
14,ANG,2.0,0.0,-5.0,L,6,-45.403780373397964,26.245937165975874
14,ANG,2.0,0.0,-5.0,R,6,53.79306286604442,47.058523026178165
14,ANG,2.0,0.0,-5.0,L,7,-45.08171557156562,26.783690574478808
14,ANG,2.0,0.0,-5.0,R,7,58.59446091596213,22.336442109699604
14,ANG,2.0,0.0,-5.0,L,8,-45.06959509989672,26.024249086429364
14,ANG,2.0,0.0,-5.0,R,8,63.34977926103697,24.604514855565494
14,ANG,2.0,0.0,-5.0,L,9,-43.28997487964514,26.30870054933726
14,ANG,2.0,0.0,-5.0,R,9,50.44171811627358,39.004702345934604
14,ANG,2.0,0.0,-5.0,L,10,-43.729585273583425,25.463067012181938
14,ANG,2.0,0.0,-5.0,R,10,48.332498337735366,42.58265451783098
14,ANG,2.0,0.0,-5.0,L,11,-44.22365308252599,25.52646568598596
14,ANG,2.0,0.0,-5.0,R,11,56.48936665201731,20.12344597688
14,ANG,2.0,0.0,-5.0,L,12,-44.62361625531603,25.376270121946664
14,ANG,2.0,0.0,-5.0,R,12,52.471787854964596,45.45976021402703
14,ANG,2.0,0.0,-5.0,L,13,-45.197103635397184,24.986013635631306
14,ANG,2.0,0.0,-5.0,R,13,57.63196947655298,19.80137271849562
14,ANG,2.0,0.0,-5.0,L,14,-45.77828368876514,24.460087659567503
14,ANG,2.0,0.0,-5.0,R,14,57.62176541525787,15.341288101842046
14,ANG,2.0,0.0,-5.0,L,15,-45.86496295105538,24.754027848103913
14,ANG,2.0,0.0,-5.0,R,15,52.0188140794884,45.070203680061546
14,ANG,2.0,0.0,-5.0,L,16,-45.93305335335639,23.86735405630578
14,ANG,2.0,0.0,-5.0,R,16,57.030836681533565,20.512756752162172
14,ANG,2.0,0.0,-5.0,L,17,-46.18867927666247,24.20897245851018
14,ANG,2.0,0.0,-5.0,R,17,58.03552508576962,14.82113682914009
14,ANG,2.0,0.0,-5.0,L,18,-46.11586463019319,23.465921962677115
14,ANG,2.0,0.0,-5.0,R,18,58.15252993798157,13.587270362854206
14,ANG,2.0,0.0,-5.0,L,19,-45.20254960153147,25.074485284164407
14,ANG,2.0,0.0,-5.0,R,19,49.37704160292263,35.525778333107006
14,ANG,2.0,0.0,-5.0,L,20,-45.799264166127955,24.78132458162076
14,ANG,2.0,0.0,-5.0,R,20,62.29419817055473,25.799404405549208
14,ANG,2.0,0.0,-5.0,L,21,-46.60669266662539,24.30772391479354
14,ANG,2.0,0.0,-5.0,R,21,58.72438380503142,16.165573155710348
14,ANG,2.0,0.0,-5.0,L,22,-45.29594305304686,24.266649000862365
14,ANG,2.0,0.0,-5.0,R,22,58.78765377504463,13.079766425530323
14,ANG,2.0,0.0,-5.0,L,23,-44.17960108105013,24.884415058446557
14,ANG,2.0,0.0,-5.0,R,23,58.00459031503128,13.366378965955295
14,ANG,2.0,0.0,-5.0,L,24,-44.359971427335864,24.88819705127629
14,ANG,2.0,0.0,-5.0,R,24,58.74805719312718,13.673064656516479
14,ANG,2.0,0.0,-5.0,L,25,-43.447378509623746,25.71874815258798
14,ANG,2.0,0.0,-5.0,R,25,59.47548556779063,13.138433603528515
14,ANG,2.0,0.0,-5.0,L,26,-43.94939114450484,25.827772137119858
14,ANG,2.0,0.0,-5.0,R,26,59.32274897720144,13.725860218418854
